Name,Count
DangerousTomato,2243
heartkidnapper,1626
HarleyQuinn,791
rvaska,485
g3cko,387
mrq1234,332
enjoymyaccounts,237
mysteryland,225
DrunkDragon,205
digitalworld,201
DarknetWizard,188
DrFRAUD511,162
GoldApple,150
TheRealPMitchell,136
Melvinbankz,113
kingaccount,111
SteroidWarehouse,99
PlatinumXanax,84
Captain8,83
BlueTor,68
Aussieempire,44
blackmarket,40
Puregear,40
CanadianSmoker12,38
feggmann,26
Hackyboy,25
socialmedia,25
ytuiv,22
Kaptein,17
King300shop,9
Pansiver,8
TheBodyShop,8
thejuicedoctor,7
Brianna_Tyler,1
canadapilot,1
